INSERT INTO `biblioteca`.`livro` (`isbn`, `titulo`, `autor`, `editora`, `ano`, `genero`) VALUES
('9780143128540', 'To Kill a Mockingbird', 'Harper Lee', 'Penguin', 1960, 'Ficção'),
('9780679783268', 'Pride and Prejudice', 'Jane Austen', 'Vintage', 1813, 'Romance'),
('9780307278449', 'The Great Gatsby', 'F. Scott Fitzgerald', 'Scribner', 1925, 'Ficção'),
('9780061120084', '1984', 'George Orwell', 'Harcourt', 1949, 'Distopia'),
('9780743273565', 'Moby Dick', 'Herman Melville', 'Harper & Brothers', 1851, 'Aventura'),
('9781451673319', 'Fahrenheit 451', 'Ray Bradbury', 'Simon & Schuster', 1953, 'Ficção Científica'),
('9780316769488', 'The Catcher in the Rye', 'J.D. Salinger', 'Little, Brown', 1951, 'Ficção'),
('9780141036137', 'Brave New World', 'Aldous Huxley', 'Chatto & Windus', 1932, 'Distopia'),
('9780399501487', 'Lord of the Flies', 'William Golding', 'Faber & Faber', 1954, 'Ficção'),
('9780140283334', 'Of Mice and Men', 'John Steinbeck', 'Penguin', 1937, 'Ficção'),
('9780439136365', 'Harry Potter and the Prisoner of Azkaban', 'J.K. Rowling', 'Bloomsbury', 1999, 'Fantasia'),
('9780553573404', 'A Game of Thrones', 'George R.R. Martin', 'Bantam', 1996, 'Fantasia'),
('9780345538376', 'The Hobbit', 'J.R.R. Tolkien', 'HarperCollins', 1937, 'Fantasia'),
('9781408855652', 'Harry Potter and the Philosopher''s Stone', 'J.K. Rowling', 'Bloomsbury', 1997, 'Fantasia'),
('9780765386484', 'The Name of the Wind', 'Patrick Rothfuss', 'DAW Books', 2007, 'Fantasia'),
('9780544003415', 'The Lord of the Rings', 'J.R.R. Tolkien', 'HarperCollins', 1954, 'Fantasia'),
('9780385737951', 'The Maze Runner', 'James Dashner', 'Delacorte', 2009, 'Distopia'),
('9780062316097', 'Divergent', 'Veronica Roth', 'HarperCollins', 2011, 'Distopia'),
('9781524763169', 'Becoming', 'Michelle Obama', 'Crown', 2018, 'Biografia'),
('9780590353427', 'Harry Potter and the Sorcerer''s Stone', 'J.K. Rowling', 'Scholastic', 1998, 'Fantasia');

INSERT INTO `biblioteca`.`utilizador` (`nome`, `morada`, `telefone`, `email`) VALUES
('João Silva', 'Rua das Flores, 123', '912345678', 'joao.silva@example.com'),
('Maria Santos', 'Av. dos Pinhais, 45', '923456789', 'maria.santos@example.com'),
('Pedro Costa', 'Rua do Sol, 67', '934567890', 'pedro.costa@example.com'),
('Ana Oliveira', 'Travessa do Norte, 89', '945678901', 'ana.oliveira@example.com'),
('Carlos Pereira', 'Rua do Sul, 101', '956789012', 'carlos.pereira@example.com'),
('Rita Almeida', 'Rua das Laranjeiras, 112', '967890123', 'rita.almeida@example.com'),
('Luís Rodrigues', 'Av. das Rosas, 135', '978901234', 'luis.rodrigues@example.com'),
('Sofia Gonçalves', 'Rua do Centro, 156', '989012345', 'sofia.goncalves@example.com'),
('Miguel Martins', 'Rua do Campo, 178', '990123456', 'miguel.martins@example.com'),
('Isabela Sousa', 'Travessa do Limoeiro, 199', '991234567', 'isabela.sousa@example.com'),
('Bruno Lima', 'Rua das Palmeiras, 201', '992345678', 'bruno.lima@example.com'),
('Patrícia Figueiredo', 'Av. das Hortênsias, 223', '993456789', 'patricia.figueiredo@example.com'),
('André Carvalho', 'Rua do Bosque, 245', '994567890', 'andre.carvalho@example.com'),
('Helena Matos', 'Travessa das Águias, 267', '995678901', 'helena.matos@example.com'),
('Tiago Mendes', 'Rua do Norte, 289', '996789012', 'tiago.mendes@example.com'),
('Vera Ramos', 'Av. das Camélias, 301', '997890123', 'vera.ramos@example.com'),
('Fernando Silva', 'Rua das Oliveiras, 323', '998901234', 'fernando.silva@example.com'),
('Sara Barbosa', 'Travessa do Cedro, 345', '999012345', 'sara.barbosa@example.com'),
('Hugo Neves', 'Rua das Amoreiras, 367', '990123457', 'hugo.neves@example.com'),
('Clara Fonseca', 'Av. das Magnólias, 389', '912345679', 'clara.fonseca@example.com');

INSERT INTO `biblioteca`.`emprestimo` (`data_emprestimo`, `data_devoluicao`, `isbn`, `id_utilizador`) VALUES
('2024-01-10', '2024-01-20', '9780143128540', 1),
('2024-01-11', '2024-01-21', '9780679783268', 2),
('2024-01-12', '2024-01-22', '9780307278449', 3),
('2024-01-13', '2024-01-23', '9780061120084', 4),
('2024-01-14', '2024-01-24', '9780743273565', 5),
('2024-01-15', '2024-01-25', '9781451673319', 6),
('2024-01-16', '2024-01-26', '9780316769488', 7),
('2024-01-17', '2024-01-27', '9780141036137', 8),
('2024-01-18', '2024-01-28', '9780399501487', 9),
('2024-01-19', '2024-01-29', '9780140283334', 10),
('2024-01-20', '2024-01-30', '9780439136365', 11),
('2024-01-21', '2024-01-31', '9780553573404', 12),
('2024-01-22', '2024-02-01', '9780345538376', 13),
('2024-01-23', '2024-02-02', '9781408855652', 14),
('2024-01-24', '2024-02-03', '9780765386484', 15),
('2024-01-25', '2024-02-04', '9780544003415', 16),
('2024-01-26', '2024-02-05', '9780385737951', 17),
('2024-01-27', '2024-02-06', '9780062316097', 18),
('2024-01-28', '2024-02-07', '9781524763169', 19),
('2024-01-29', '2024-02-08', '9780590353427', 20),
('2024-02-01', NULL, '9780143128540', 5),
('2024-02-02', NULL, '9780679783268', 6),
('2024-02-03', NULL, '9780307278449', 7),
('2024-02-04', NULL, '9780061120084', 8),
('2024-02-05', NULL, '9780743273565', 9),
('2024-02-06', NULL, '9781451673319', 10),
('2024-02-07', NULL, '9780316769488', 11),
('2024-02-08', NULL, '9780141036137', 12),
('2024-02-09', NULL, '9780399501487', 13),
('2024-02-10', NULL, '9780140283334', 14),
('2024-02-11', NULL, '9780439136365', 15),
('2024-02-12', NULL, '9780553573404', 16),
('2024-02-13', NULL, '9780345538376', 17),
('2024-02-14', NULL, '9781408855652', 18),
('2024-02-15', NULL, '9780765386484', 19),
('2024-02-16', NULL, '9780544003415', 20);
